795534064,Wade West,https://randomuser.me/api/portraits/men/16.jpg
525562662,Audrey Mitchelle,https://randomuser.me/api/portraits/women/39.jpg
10310716,Jimmy Bryant,https://randomuser.me/api/portraits/men/27.jpg
598766928,William Ellis,https://randomuser.me/api/portraits/men/98.jpg
673392190,Pat Henry,https://randomuser.me/api/portraits/men/21.jpg
393200495,Isaac Armstrong,https://randomuser.me/api/portraits/men/7.jpg
107176117,Wendy Hale,https://randomuser.me/api/portraits/women/26.jpg
496901272,Robert Richardson,https://randomuser.me/api/portraits/men/33.jpg
105111582,Kenneth Long,https://randomuser.me/api/portraits/men/34.jpg
499825815,Judd Webb,https://randomuser.me/api/portraits/men/57.jpg
